create database resiliadata;
use resiliadata;

CREATE TABLE colaborador(
  id_colaborador int(11) NOT NULL PRIMARY KEY AUTO_INCREMENT,
  nome varchar(255) NOT NULL,
  cargo varchar(30) NOT NULL,
  disponibilidade varchar(255) NOT NULL,
  email varchar(255) NOT NULL,
  id_empresa int(11) NOT NULL
);

CREATE TABLE empresa(
  id_empresa int(11) NOT NULL PRIMARY KEY AUTO_INCREMENT,
  nome varchar(255) NOT NULL,
  cnpj varchar(20) NOT NULL,
  localizacao varchar(255) NOT NULL,
  contato varchar(255) NOT NULL,
  email varchar(255) NOT NULL
);

CREATE TABLE registro(
  id_registro int(11) NOT NULL PRIMARY KEY AUTO_INCREMENT,
  permissao varchar(100) NOT NULL,
  dia varchar(10) NOT NULL,
  id_empresa int(11) NOT NULL,
  id_tec int(11) NOT NULL,
  area varchar(30) NOT NULL
);

CREATE TABLE tecnologia(
  id_tec int(11) NOT NULL PRIMARY KEY AUTO_INCREMENT,
  nome varchar(255) NOT NULL,
  versao varchar(20) NOT NULL,
  status varchar(25) NOT NULL
);

ALTER TABLE colaborador
  ADD CONSTRAINT fk_id_empresa FOREIGN KEY (id_empresa) REFERENCES empresa (id_empresa);

ALTER TABLE registro
  ADD CONSTRAINT fk_emp FOREIGN KEY (id_empresa) REFERENCES empresa (id_empresa),
  ADD CONSTRAINT fk_tec FOREIGN KEY (id_tec) REFERENCES tecnologia (id_tec);

INSERT INTO colaborador (id_colaborador, nome, cargo, disponibilidade, email, id_empresa) VALUES
(1, 'Tatiana Mendes', 'Administrador de Redes', 'Integral', 'tatiana.mendes@example.com', 1),
(2, 'Vanessa Martins', 'Estagiária de Marketing', 'Integral', 'vanessa.martins@example.com', 2),
(3, 'Isabela Athayde', 'Diretora-Chefe de Tecnologia', 'Integral', 'isabela.athayde@example.com', 3),
(4, 'Juliano Ferreira', 'Analista de Sistemas', 'Integral', 'juliano.ferreira@example.com', 2),
(5, 'Maria Menezes', 'Assistente de E-commerce', 'Integral', 'maria.menezes@example.com', 1),
(6, 'Philomena Fernandes', 'Estagiária de Marketing', 'Integral', 'philomena.fernandes@example.com', 3),
(7, 'Leticia Souza', 'Consultor de Administração de ', 'Integral', 'leticia.souza@example.com', 4),
(8, 'Pedro Lins', 'Estagiária de Marketing', 'Integral', 'pedro.lins@example.com', 6),
(9, 'Luiz Martins', 'Analista de Sistemas', 'Integral', 'luiz.martins@example.com', 5),
(10, 'Olavo Souza', 'Assistente de E-commerce', 'Integral', 'olavo.souza@example.com', 4),
(11, 'Luana Lins', 'Administrador de Redes', 'Integral', 'luana.lins@example.com', 6),
(12, 'Pedro Souza', 'Supervisor de Sistemas', 'Integral', 'pedro.souza@example.com', 7),
(13, 'Luiz Souza', 'Analista de Sistemas', 'Integral', 'luiz.souza@example.com', 8),
(14, 'Olavo Lins', 'Estagiário de Telecomunicações', 'Integral', 'olavo.lins@example.com', 9),
(15, 'Luana Lins', 'Administrador de Redes', 'Integral', 'luana.lins@example.com', 7),
(16, 'Vanessa Martins', 'Diretor de Suporte Técnico', 'Integral', 'vanessa.martins@example.com', 9),
(17, 'Isabela Fernandes', 'Coordenador de Suporte Técnico', 'Integral', 'isabela.fernandes@example.com', 8),
(18, 'Juliano Menezes', 'Analista de Dados', 'Integral', 'juliano.menezes@example.com', 10),
(19, 'Maria Oliveira', 'Assistente de E-commerce', 'Integral', 'maria.oliveira@example.com', 11),
(20, 'Wagner Costa', 'Estagiário de TI', 'Integral', 'wagner.costa@example.com', 5),
(21, 'Tatiana Mendes', 'Administrador de Redes', 'Integral', 'tatiana.mendes@example.com', 1),
(22, 'Vanessa Martins', 'Estagiária de Marketing', 'Integral', 'vanessa.martins@example.com', 2),
(23, 'Isabela Athayde', 'Analista de Dados', 'Integral', 'isabela.athayde@example.com', 3),
(24, 'Juliano Ferreira', 'Analista de Sistemas', 'Integral', 'juliano.ferreira@example.com', 2),
(25, 'Maria Menezes', 'Assistente de E-commerce', 'Integral', 'maria.menezes@example.com', 1),
(26, 'Philomena Fernandes', 'Estagiária de Marketing', 'Integral', 'philomena.fernandes@example.com', 3),
(27, 'Leticia Souza', 'Consultor de Administração de ', 'Integral', 'leticia.souza@example.com', 4),
(28, 'Pedro Lins', 'Estagiária de Marketing', 'Integral', 'pedro.lins@example.com', 6),
(29, 'Luiz Martins', 'Analista de Sistemas', 'Integral', 'luiz.martins@example.com', 5),
(30, 'Olavo Souza', 'Assistente de E-commerce', 'Integral', 'olavo.souza@example.com', 4),
(31, 'Luana Lins', 'Administrador de Redes', 'Integral', 'luana.lins@example.com', 6),
(32, 'Pedro Souza', 'Supervisor de Sistemas', 'Integral', 'pedro.souza@example.com', 7),
(33, 'Luiz Souza', 'Analista de Sistemas', 'Integral', 'luiz.souza@example.com', 8),
(34, 'Olavo Lins', 'Estagiário de Telecomunicações', 'Integral', 'olavo.lins@example.com', 9),
(35, 'Luana Lins', 'Administrador de Redes', 'Integral', 'luana.lins@example.com', 7),
(36, 'Vanessa Martins', 'Diretor de Suporte Técnico', 'Integral', 'vanessa.martins@example.com', 9),
(37, 'Isabela Fernandes', 'Coordenador de Suporte Técnico', 'Integral', 'isabela.fernandes@example.com', 8),
(38, 'Juliano Menezes', 'Analista de Sistemas', 'Integral', 'juliano.menezes@example.com', 10),
(39, 'Maria Oliveira', 'Assistente de E-commerce', 'Integral', 'maria.oliveira@example.com', 11),
(40, 'Wagner Costa', 'Estagiário de TI', 'Integral', 'wagner.costa@example.com', 5),
(41, 'Tatiana Mendes', 'Administrador de Redes', 'Integral', 'tatiana.mendes@example.com', 1),
(42, 'Vanessa Martins', 'Estagiária de Marketing', 'Integral', 'vanessa.martins@example.com', 2),
(43, 'Isabela Athayde', 'Auxiliar de Escritório', 'Integral', 'isabela.Athayde@example.com', 3),
(44, 'Juliano Ferreira', 'Analista de Sistemas', 'Integral', 'juliano.ferreira@example.com', 2),
(45, 'Maria Menezes', 'Assistente de E-commerce', 'Integral', 'maria.menezes@example.com', 1),
(46, 'Philomena Fernandes', 'Estagiária de Marketing', 'Integral', 'philomena.fernandes@example.com', 3),
(47, 'Leticia Souza', 'Consultor de Banco de Dados', 'Integral', 'leticia.souza@example.com', 4),
(48, 'Pedro Lins', 'Estagiária de Marketing', 'Integral', 'pedro.lins@example.com', 6),
(49, 'Luiz Martins', 'Analista de Sistemas', 'Integral', 'luiz.martins@example.com', 5),
(50, 'Olavo Souza', 'Assistente de E-commerce', 'Integral', 'olavo.souza@example.com', 4),
(51, 'Luana Lins', 'Administrador de Redes', 'Integral', 'luana.lins@example.com', 6),
(52, 'Pedro Souza', 'Supervisor de Sistemas', 'Integral', 'pedro.souza@example.com', 7),
(53, 'Luiz Souza', 'Analista de Sistemas', 'Integral', 'luiz.souza@example.com', 8),
(54, 'Olavo Lins', 'Estagiário de Telecomunicações', 'Integral', 'olavo.lins@example.com', 9),
(55, 'Luana Lins', 'Administrador de Redes', 'Integral', 'luana.lins@example.com', 7),
(56, 'Vanessa Martins', 'Diretor de Suporte Técnico', 'Integral', 'vanessa.martins@example.com', 9),
(57, 'Isabela Fernandes', 'Coordenador de Suporte Técnico', 'Integral', 'isabela.fernandes@example.com', 8),
(58, 'Juliano Menezes', 'Analista de Sistemas', 'Integral', 'juliano.menezes@example.com', 10),
(59, 'Maria Oliveira', 'Assistente de E-commerce', 'Integral', 'maria.oliveira@example.com', 11),
(60, 'Wagner Costa', 'Estagiário de TI', 'Integral', 'wagner.costa@example.com', 5);

INSERT INTO empresa (id_empresa, nome, cnpj, localizacao, contato, email) VALUES
(1, 'Avanço Digital', '32.109.876/5401-23', 'Rio de Janeiro', '(21) 66666-6666', 'avançodigital@example.com'),
(2, 'Criativa Tecnologia', '54.321.098/7601-23', 'Florianópolis', '(48) 42454-5555', 'criativatecnologia@example.com'),
(3, 'Innova', '32.109.876/5401-23', 'Porto Alegre', '(51) 98647-2345', 'innova@example.com'),
(4, 'Intelligente', '54.321.098/7601-23', 'São Paulo', '(11) 34567-4215', 'intelligente@example.com'),
(5, 'InspiraTX', '32.109.876/5401-23', 'Curitiba', '(41) 92873-1233', 'inspiraTX@example.com'),
(6, 'Viva', '54.321.098/7601-23', 'Florianópolis', '(48) 98632-8754', 'viva@example.com'),
(7, 'ElegancePray', '76.543.210/9801-23', 'Salvador', '(71) 4895-1456', 'elegancePray@example.com'),
(8, 'Inteligência Artificial Brasil', '12.345.678/9012-34', 'São Paulo', '(11) 99459-9963', 'iabrasil@example.com'),
(9, 'Cidade Inteligente', '45.678.901/2345-67', 'Belo Horizonte', '(31) 88888-8888', 'cidadeinteligente@example.com'),
(10, 'Internet das Coisas', '78.901.234/5678-90', 'Salvador', '(71) 77777-7777', 'iot@example.com'),
(11, 'Blockchain Brasil', '90.123.456/7890-12', 'Rio de Janeiro', '(21) 62647-6965', 'blockchainbrasil@example.com'),
(12, 'Realidade Virtual', '01.234.567/8901-23', 'Florianópolis', '(48) 44444-4444', 'realidadevirtual@example.com'),
(13, 'Realidade Aumentada', '23.456.789/0123-45', 'Fortaleza', '(85) 55555-5555', 'realidadeaumentada@example.com'),
(14, 'Robótica', '34.567.890/1234-56', 'Porto Alegre', '(51) 33333-3333', 'robotica@example.com'),
(15, 'Computação em Nuvem', '45.678.901/2345-67', 'Curitiba', '(41) 22345-2222', 'computacaoemnuvem@example.com'),
(16, 'Big Data', '56.789.012/3456-78', 'Manaus', '(92) 16341-1164', 'bigdata@example.com');

INSERT INTO registro (id_registro, permissao, dia, id_empresa, id_tec, area) VALUES
(1, 'Acesso', '2023-11-17', 1, 2, 'Webdev'),
(2, 'Acesso', '2023-11-18', 2, 3, 'Dados'),
(3, 'Acesso', '2023-11-19', 3, 1, 'Jogos'),
(4, 'Alteração', '2023-11-19', 1, 2, 'Webdev'),
(5, 'Alteração', '2023-11-20', 2, 1, 'Aplicações corporativas'),
(6, 'Acesso', '2023-11-20', 3, 3, 'Dados'),
(7, 'Acesso', '2023-11-20', 1, 3, 'Marketing'),
(8, 'Teste', '2023-11-22', 2, 2, 'back-end'),
(9, 'Exclusão', '2023-11-22', 1, 3, 'Marketing'),
(10, 'Acesso', '2023-11-22', 1, 3, 'Marketing'),
(11, 'Teste', '2023-11-22', 3, 1, 'Webdev'),
(12, 'Alteração', '2023-11-24', 1, 2, 'Data Science'),
(13, 'Acesso', '2023-11-24', 2, 3, 'Marketing'),
(14, 'Acesso', '2023-11-24', 3, 1, 'E-commerce'),
(15, 'Acesso', '2023-11-25', 1, 2, 'Aplicações de IoT'),
(16, 'Teste', '2023-11-27', 2, 3, 'Webdev'),
(17, 'Acesso', '2023-11-27', 3, 6, 'Webdev'),
(18, 'Alteração', '2023-11-27', 1, 7, 'Operações'),
(19, 'Teste', '2023-11-27', 2, 2, 'Jogos'),
(20, 'Acesso', '2023-11-28', 5, 4, 'machine learning'),
(21, 'Acesso', '2023-11-28', 7, 5, 'Webdev'),
(22, 'Exclusão', '2023-11-28', 10, 4, 'Dados'),
(23, 'Alteração', '2023-11-29', 13, 4, 'Dados'),
(24, 'Acesso', '2023-11-29', 14, 4, 'back-end'),
(25, 'Acesso', '2023-11-30', 5, 3, 'Webdev'),
(26, 'Alteração', '2023-11-30', 6, 6, 'Marketing'),
(27, 'Acesso', '2023-12-02', 7, 7, 'Dados'),
(28, 'operacional', '2023-12-03', 8, 1, 'Social media'),
(29, 'Alteração', '2023-12-03', 9, 2, 'Webdev'),
(30, 'Acesso', '2023-12-03', 10, 3, ''),
(31, 'Acesso', '2023-12-03', 11, 6, 'Dados'),
(32, 'Alteração', '2023-12-04', 13, 7, 'Atendimento'),
(33, 'Teste', '2023-12-04', 12, 2, 'Webdev'),
(34, 'Acesso\r\n', '2023-12-04', 14, 4, 'Dados'),
(35, 'Acesso', '2023-12-04', 15, 5, ''),
(36, 'Acesso', '2023-12-04', 16, 4, 'Dados'),
(37, 'Acesso', '2023-12-06', 3, 8, 'Webdev'),
(38, 'Acesso', '2023-12-06', 1, 2, 'back-end'),
(39, 'Acesso', '2023-12-06', 2, 3, 'Dados'),
(40, 'Acesso', '2023-12-06', 1, 2, 'Jogos'),
(41, 'Alteração', '2023-12-06', 2, 3, ''),
(42, 'Exclusão', '2023-12-07', 3, 1, 'Social media'),
(43, 'Acesso', '2023-12-07', 1, 2, 'back-end'),
(44, 'Teste', '2023-12-07', 2, 3, 'Dados'),
(45, 'Acesso', '2023-12-09', 3, 6, 'Marketing'),
(46, 'Acesso', '2023-12-09', 1, 7, 'Vendas'),
(47, 'Teste', '2023-12-10', 2, 2, 'Data Science'),
(48, 'Acesso', '2023-12-10', 5, 4, 'machine learning'),
(49, 'Alteração', '2023-12-10', 7, 5, 'Dados'),
(50, 'Acesso', '2023-12-11', 10, 4, 'Webdev'),
(51, 'Acesso', '2023-12-11', 13, 4, 'machine learning'),
(52, 'Acesso\r\n', '2023-12-11', 14, 4, 'machine learning'),
(53, 'Alteração', '2023-12-11', 5, 3, 'Webdev'),
(54, 'Alteração', '2023-12-12', 6, 6, 'Dados'),
(55, 'Exclusão', '2023-12-12', 7, 7, 'Marketing'),
(56, 'Acesso', '2023-12-12', 8, 1, 'E-commerce'),
(57, 'Alteração', '2023-12-13', 9, 2, 'Webdev'),
(58, 'Acesso', '2023-12-13', 10, 3, 'Negócios'),
(59, 'Acesso', '2023-12-14', 11, 6, 'Marketing'),
(60, 'Acesso', '2023-12-15', 13, 7, 'Vendas'),
(61, 'Exclusão', '2023-12-16', 12, 2, 'Aplicações de streaming'),
(62, 'Acesso', '2023-12-16', 14, 4, 'Ciência de dados'),
(63, 'Acesso', '2023-12-17', 15, 5, 'Webdev'),
(64, 'Exclusão', '2023-12-17', 16, 4, 'Automação'),
(65, 'Teste', '2023-12-18', 3, 8, 'mobiledev');

INSERT INTO tecnologia (id_tec, nome, versao, status) VALUES
(1, 'React', '18.0.0', 'Ativo'),
(2, 'Node.js', '18.0.0', 'Ativo'),
(3, 'Java', '18.0.0', 'Ativo'),
(4, 'Python', '3.10.0', 'Ativo'),
(5, 'SQL', '2023.1', 'Ativo'),
(6, 'Marketing Cloud', '2023.1', 'Ativo'),
(7, 'Salesforce', '2023.1', 'Ativo'),
(8, 'Angular', '14.0.0', 'Ativo'),
(9, 'Vue.js', '3.2.3', 'Ativo'),
(10, 'Docker', '20.10.13', 'Ativo');
